<Tasks>
  <name val="rolldice"/><usage val="0.9"/><nRepeats val="2000"/><checkInterval val="4"/>
  <!--<sTaskMethodEnd val="mDrawPDF"/>--><!-- Uncomment this line if you have installed gnuplot4.6.5 and included its directory in the system variable PATH -->
  <variables class="org.leores.task.app.RollDice">    
    <nSide val="2;4;6"/>
    <nDice val="2:1:5"/><!--from 2 to 5 with a step of 1, i.e. 2;3;4;5 -->
  </variables>
  <statistics>
    <members>
      <i><info val="Fig1%pltm+@afterRept@"/><valVar val="sum;#$sum$/$nDice$#"/><parVars val="nSide;nDice"/></i>
      <i><info val="Fig2%plt+@afterRept@"/><valVar val="sum"/><parVars val="nSide"/></i>
      <i><info val="Fig3%plt+@afterRept@"/><valVar val="sum"/><parVars val="nDice"/></i> 
    </members>
  </statistics>
</Tasks>
